user,url
2,https://instagram.fbed1-2.fna.fbcdn.net/vp/465218f84175e7ab80bd8ebc44dc9100/5B2A9535/t51.2885-15/e15/10413869_1437229533212612_1598146093_n.jpg
10,https://instagram.fbed1-2.fna.fbcdn.net/vp/a4b851311887d6477d2e7af5c76b3b4b/5B378717/t51.2885-15/e35/17125723_258204164627744_4286308019161006080_n.jpg
88,https://instagram.fbed1-2.fna.fbcdn.net/vp/e9a103567808f10cf094e4c29ac206fd/5B2AE58D/t51.2885-15/e15/11084924_1836870099870591_1998374643_n.jpg
74,https://instagram.fbed1-2.fna.fbcdn.net/vp/f2f965c74250d9421261774ef732aec5/5B30AB5C/t51.2885-15/e35/27893073_169894560466382_6797770006395355136_n.jpg
98,https://instagram.fbed1-2.fna.fbcdn.net/vp/37055be0a5f8d48f898406bf80871b0f/5B40572B/t51.2885-15/e35/21149649_1794398307240924_3334049890589212672_n.jpg
85,https://instagram.fbed1-2.fna.fbcdn.net/vp/f9619d432825a7a8032d6d88322841f2/5B4BBF14/t51.2885-15/e35/28430373_364128864063797_6695257104204169216_n.jpg
67,https://instagram.fbed1-2.fna.fbcdn.net/vp/c48a4ccf0fbe0537e5c4c7d02834ddc1/5B4F7598/t51.2885-15/e35/20633995_336157683473145_8720768830663557120_n.jpg
85,https://instagram.fbed1-2.fna.fbcdn.net/vp/0c78c1b83d0821ad3bc268d498268b1d/5B3A733B/t51.2885-15/e35/13277674_236644560040530_1284536177_n.jpg
46,https://instagram.fbed1-2.fna.fbcdn.net/vp/f03fccc5fd789357996eaefd771369a4/5B41DB08/t51.2885-15/e35/10251548_383676858505184_1309990042_n.jpg
65,https://instagram.fbed1-2.fna.fbcdn.net/vp/de78d7e4fbbdba64cad32358d5131047/5B45B813/t51.2885-15/e15/1390431_558822870878682_405824754_n.jpg
92,https://instagram.fbed1-2.fna.fbcdn.net/vp/82777d4102318e2113869639ee5a1d20/5B4B7B32/t51.2885-15/e35/17438586_1227089917412152_6905930279479672832_n.jpg
96,https://instagram.fbed1-2.fna.fbcdn.net/vp/d6b858e6c561ccd6fce2a91afd2b9fd7/5B4642DE/t51.2885-15/e35/19429141_1902074660080177_6032633342233411584_n.jpg
31,https://instagram.fbed1-2.fna.fbcdn.net/vp/6e2a7d57fe4aca4a6117ffdde7bf29ef/5B2BDEA3/t51.2885-15/e35/27879893_1063803917094179_3336169654518284288_n.jpg
78,https://instagram.fbed1-2.fna.fbcdn.net/vp/7b4afdef51cac1f09045e9c0d54790d4/5B442DB8/t51.2885-15/e15/1171889_164033750471161_30334413_n.jpg
21,https://instagram.fbed1-2.fna.fbcdn.net/vp/41daf930f2451ef77f9fbc7843f5dd54/5B394425/t51.2885-15/e35/13151281_498162553702064_1833945299_n.jpg
109,https://instagram.fbed1-2.fna.fbcdn.net/vp/6669bcc2581128a45450f857203b9c86/5B75A1B4/t51.2885-15/e15/10963775_1594561914095863_339376380_n.jpg
89,https://instagram.fbed1-2.fna.fbcdn.net/vp/071a310551f23348760750de4a0e7527/5B504A6B/t51.2885-15/e35/18722126_131668297386950_8531790316884197376_n.jpg
41,https://instagram.fbed1-2.fna.fbcdn.net/vp/0c58bfa85e93a992d689438335215fed/5B3823F2/t51.2885-15/e35/28752965_2207076476186255_5328949555473940480_n.jpg
31,https://instagram.fbed1-2.fna.fbcdn.net/vp/f61c6b184edb02645e99203e5e8ce344/5B49F906/t51.2885-15/e35/20398493_341844856252300_3665859139524886528_n.jpg
82,https://instagram.fbed1-2.fna.fbcdn.net/vp/e17ecacb49cc1636387e04f2aefc1be3/5B37AE54/t51.2885-15/e15/10914248_1612618295651938_1814438714_n.jpg
23,https://instagram.fbed1-2.fna.fbcdn.net/vp/7aa77686b64dbdbbe5afba69969a81af/5B433EEE/t51.2885-15/e35/13248719_586384048191731_1983118973_n.jpg
99,https://instagram.fbed1-2.fna.fbcdn.net/vp/ed1e2dab647a9b593568667edb127dbc/5B450591/t51.2885-15/e35/26070755_1188054347997603_2620687450862780416_n.jpg
56,https://instagram.fbed1-2.fna.fbcdn.net/vp/125908fd3b3e8a039b725027f924b5c1/5B448364/t51.2885-15/e35/17076439_1376472239094713_1318740704322650112_n.jpg
74,https://instagram.fbed1-2.fna.fbcdn.net/vp/ef609231a786bf92d00a25871763144a/5B3D9FE0/t51.2885-15/e35/25026403_386290425146101_2380091513313951744_n.jpg
1,https://instagram.fbed1-2.fna.fbcdn.net/vp/e6ea29707eaea63785e1f2351db8270d/5B4FB589/t51.2885-15/e15/11350712_1416340028690685_882923588_n.jpg
31,https://instagram.fbed1-2.fna.fbcdn.net/vp/b37783f816cfcff029b216a36126cf55/5B3489F8/t51.2885-15/e35/20759151_300507003758473_7043975128283086848_n.jpg
100,https://instagram.fbed1-2.fna.fbcdn.net/vp/4641598840d494a1cd419037f47e88e9/5B2962EB/t51.2885-15/e35/27878710_1128684893934996_3847097142984310784_n.jpg
7,https://instagram.fbed1-2.fna.fbcdn.net/vp/00b3d3c1b1b53f5bc8e56a691eea3fa7/5B446B4A/t51.2885-15/e35/22580167_1437130463052748_205421173301837824_n.jpg
58,https://instagram.fbed1-2.fna.fbcdn.net/vp/24f49a3ff1d30d76b61b59e1ea439c46/5B2F8017/t51.2885-15/e35/14052322_237245096671863_199748501_n.jpg
62,https://instagram.fbed1-2.fna.fbcdn.net/vp/488267c9765492dd0300d67eed5aa796/5B2CA404/t51.2885-15/e15/11243858_1428367130805383_1521488651_n.jpg
70,https://instagram.fbed1-2.fna.fbcdn.net/vp/a132a44a6d669a3b65bbb769c75a962f/5B459EAE/t51.2885-15/e15/926124_1475478572668102_845883598_n.jpg
84,https://instagram.fbed1-2.fna.fbcdn.net/vp/727bd0d65ea79a84724e162b7989e974/5B4553EC/t51.2885-15/e35/11910162_898985493527105_1160100596_n.jpg
44,https://instagram.fbed1-2.fna.fbcdn.net/vp/2489db9f0f586bfd94471dad0daa02f7/5B3638D1/t51.2885-15/e35/26070527_833816443488199_1651745551894446080_n.jpg
43,https://instagram.fbed1-2.fna.fbcdn.net/vp/e44afde409ce78fee5dc5ca64fbefa71/5B371441/t51.2885-15/e35/21910033_137143470238947_2064528746974543872_n.jpg
15,https://instagram.fbed1-2.fna.fbcdn.net/vp/24f2572ec10f5135b2dc6c82a5ac9231/5AB5934F/t51.2885-15/e15/12362085_426072544250558_612641437_n.jpg
81,https://instagram.fbed1-2.fna.fbcdn.net/vp/5385ed56d8dbb64e0a607a8b3a239ed8/5B2DBB0D/t51.2885-15/e15/10508001_297536227086394_1124991777_n.jpg
76,https://instagram.fbed1-2.fna.fbcdn.net/vp/161f7a1b460f9ea5d68ab6df9bf5f388/5B371E46/t51.2885-15/e35/12724619_1711405299117139_1514479650_n.jpg
73,https://instagram.fbed1-2.fna.fbcdn.net/vp/daee5ad9577b551f7697cd42dd5539b6/5B3B0586/t51.2885-15/e35/13743595_504414176422011_1734926377_n.jpg
44,https://instagram.fbed1-2.fna.fbcdn.net/vp/37368af87ba91b1fc17230d4867f06b6/5AB4FDCB/t51.2885-15/e15/23969397_721092314751760_4470416271954935808_n.jpg
2,https://instagram.fbed1-2.fna.fbcdn.net/vp/7db105079105d057e7b2dbffe07d6af7/5B297D57/t51.2885-15/e35/12145582_159073467772484_1255868024_n.jpg
28,https://instagram.fbed1-2.fna.fbcdn.net/vp/ca68e3db2e7290bae93849eab404f6a1/5B4F3778/t51.2885-15/e35/17818762_1456680337696947_206172530585632768_n.jpg
83,https://instagram.fbed1-2.fna.fbcdn.net/vp/6a57ee2aa4f606836652d6427911da3b/5B4A4B87/t51.2885-15/e15/11326059_1677893539105626_2020904826_n.jpg
57,https://instagram.fbed1-2.fna.fbcdn.net/vp/b871af3b00ead5282db71699155db263/5B3E7B39/t51.2885-15/e15/11296755_934693049908186_408662758_n.jpg
29,https://instagram.fbed1-2.fna.fbcdn.net/vp/001525b98cad14d12ca4eec1fd5b9d63/5B3B4325/t51.2885-15/e35/22430522_155974388325615_3763502940371812352_n.jpg
26,https://instagram.fbed1-2.fna.fbcdn.net/vp/e7609dab53127d6595a44c3f12cfcce4/5B37D611/t51.2885-15/e35/13108883_520750344784189_1049515104_n.jpg
72,https://instagram.fbed1-2.fna.fbcdn.net/vp/26d7d9332bd4b87f722e6f34044ead7f/5B351FF6/t51.2885-15/e15/10919542_776436825726712_1037549891_n.jpg
22,https://instagram.fbed1-2.fna.fbcdn.net/vp/605f42c5847697368162817417cacebc/5B75AAFB/t51.2885-15/e35/14482100_1320937517948984_107132092273393664_n.jpg
26,https://instagram.fbed1-2.fna.fbcdn.net/vp/21c7ee3d30db49e3249f051c5c274236/5B403BB5/t51.2885-15/e35/11939318_1615202322086762_1798840621_n.jpg
11,https://instagram.fbed1-2.fna.fbcdn.net/vp/70974fbb615d4b60b64c634c0e4ebbcf/5B3E843D/t51.2885-15/e35/12357271_192075094471671_1964544652_n.jpg
96,https://instagram.fbed1-2.fna.fbcdn.net/vp/5617a28fb2a171f3888e9dbb8455fa5d/5B317311/t51.2885-15/e35/23734975_165342137391392_9087959229909696512_n.jpg
74,https://instagram.fbed1-2.fna.fbcdn.net/vp/2f911a797536d1f1a7b33fa11398bae9/5B4456CF/t51.2885-15/e35/28427932_412273705878867_3074832632702304256_n.jpg
85,https://instagram.fbed1-2.fna.fbcdn.net/vp/1014f1860353ee3f61182ca51e50bff8/5B4497A4/t51.2885-15/e15/11199445_819852824737262_706356661_n.jpg
62,https://instagram.fbed1-2.fna.fbcdn.net/vp/cdee34fe9eefe73a2d12d61bb27936c7/5B3B3B0F/t51.2885-15/e15/10899333_827562160615319_748637291_n.jpg
107,https://instagram.fbed1-2.fna.fbcdn.net/vp/f9d6a600cf7d351a16603e27fab06515/5B395175/t51.2885-15/e35/16122665_1802050966711361_4299058664666300416_n.jpg
25,https://instagram.fbed1-2.fna.fbcdn.net/vp/3d9beb591ef6a4af3f6fb30d41ec8cf9/5B435463/t51.2885-15/e35/26356183_1419451201515225_7125166322463277056_n.jpg
4,https://instagram.fbed1-2.fna.fbcdn.net/vp/c82e55ae5dff33dd836b80d4543b2375/5B2E4192/t51.2885-15/e35/13099051_1728134684132585_613658736_n.jpg
7,https://instagram.fbed1-2.fna.fbcdn.net/vp/2d51bc51f7dc0cce785727353de3ae21/5B2DC78C/t51.2885-15/e35/13413181_954437981338957_689450737_n.jpg
102,https://instagram.fbed1-2.fna.fbcdn.net/vp/1ae2cc8c1d996e6d1265cb2bf89bba04/5B4A6E6F/t51.2885-15/e35/20066768_1436125723100398_8867284402946703360_n.jpg
11,https://instagram.fbed1-2.fna.fbcdn.net/vp/a5d16fe2b54d75610dbae75ad8232357/5B2A6023/t51.2885-15/e35/18013885_1236562816473044_4745262134147940352_n.jpg
87,https://instagram.fbed1-2.fna.fbcdn.net/vp/0ba4df21238941a889a884ef6527fc85/5B2C7691/t51.2885-15/e35/13183483_194473987613184_1140817567_n.jpg
48,https://instagram.fbed1-2.fna.fbcdn.net/vp/db185ddf43d9cb9d2241deea2469f864/5B4A1AB0/t51.2885-15/e35/28155764_366442970428198_2093273833510273024_n.jpg
2,https://instagram.fbed1-2.fna.fbcdn.net/vp/22a1eeb685aa93ec5a501251fc10e0f8/5B3CE794/t51.2885-15/e35/13643624_275792072801135_1972095664_n.jpg
28,https://instagram.fbed1-2.fna.fbcdn.net/vp/f057adad39777e01c8c82f40423c0403/5B391E88/t51.2885-15/e35/14473950_354515008240823_4232537420911869952_n.jpg
42,https://instagram.fbed1-2.fna.fbcdn.net/vp/12679d7ac2b1b652cc556db1cac4aa41/5B34DCFD/t51.2885-15/e35/23969982_2054454424566414_1404812600553766912_n.jpg
25,https://instagram.fbed1-2.fna.fbcdn.net/vp/15baf1c70d99987d5521ba37c6fb8500/5B50693F/t51.2885-15/e35/26071652_783628328503200_5036881531553972224_n.jpg
87,https://instagram.fbed1-2.fna.fbcdn.net/vp/51770baffca2c8156a9090d50460e0ef/5B2CA109/t51.2885-15/e35/28157078_1558984050822182_239959535064711168_n.jpg
22,https://instagram.fbed1-2.fna.fbcdn.net/vp/cc64d402323c876685fce694ce2ce087/5B347C31/t51.2885-15/e35/16122750_1725654671082563_6134388539179139072_n.jpg
16,https://instagram.fbed1-2.fna.fbcdn.net/vp/8ba5c3eb42f01c35f8941bc02878cb6b/5B30C84A/t51.2885-15/e35/18580428_114961679110182_2109596740754604032_n.jpg
43,https://instagram.fbed1-2.fna.fbcdn.net/vp/76b15c5c3901ab67401057df19283b62/5B3A5EE1/t51.2885-15/e35/13099022_1039698796120724_455252283_n.jpg
109,https://instagram.fbed1-2.fna.fbcdn.net/vp/6a138a6eef62b6b691ed58943cd6adcf/5B466D8C/t51.2885-15/e35/12081121_764381307024712_416663949_n.jpg
55,https://instagram.fbed1-2.fna.fbcdn.net/vp/fbe34e9098a4147ec427218e2eeff3be/5B2A64B1/t51.2885-15/e35/13092301_169007736829311_826509010_n.jpg
28,https://instagram.fbed1-2.fna.fbcdn.net/vp/69b01fa4d1cbae91052263fcb5f0136b/5B3B2EFB/t51.2885-15/e35/12934919_1686214774973893_167566848_n.jpg
81,https://instagram.fbed1-2.fna.fbcdn.net/vp/41b962af454c5d4e64910f5cf939cc1e/5B3A7AD0/t51.2885-15/e15/917870_274065592768273_1632497295_n.jpg
78,https://instagram.fbed1-2.fna.fbcdn.net/vp/26b667c88b215a5ee0eeb6e4f716fbbf/5B461B9E/t51.2885-15/e15/11379900_1085429821472062_161431873_n.jpg
42,https://instagram.fbed1-2.fna.fbcdn.net/vp/954e35384aad58449d6ee6b7842e5a8f/5B342648/t51.2885-15/e35/27891502_2003194583337618_64705005164167168_n.jpg
94,https://instagram.fbed1-2.fna.fbcdn.net/vp/11f06f6e465ab4899b4a1a0ebe18af04/5B4197E9/t51.2885-15/e35/11899723_540935912727810_483382121_n.jpg
32,https://instagram.fbed1-2.fna.fbcdn.net/vp/170cf0de2efc4c3d449f125ce5cdae15/5B506884/t51.2885-15/e15/10540233_710721458965111_1809631053_n.jpg
12,https://instagram.fbed1-2.fna.fbcdn.net/vp/8c5dc455adbc948516bb16b9f49c4f08/5B3D4BDB/t51.2885-15/e35/28752163_1941527639509282_775118322776670208_n.jpg
98,https://instagram.fbed1-2.fna.fbcdn.net/vp/1c00ba8d88d239328ebdb9882c61eca7/5B2B6299/t51.2885-15/e35/15876512_1169211599862053_7637939504405282816_n.jpg
23,https://instagram.fbed1-2.fna.fbcdn.net/vp/db98c2bb95b9afc5ee375a38b30820d9/5B40ECA9/t51.2885-15/e35/17882368_291304571297458_8000681928145502208_n.jpg
28,https://instagram.fbed1-2.fna.fbcdn.net/vp/ab0cf18a189461f37ff09d677d18095b/5B4F39EA/t51.2885-15/e35/18721899_197322104123958_6328644833325875200_n.jpg
61,https://instagram.fbed1-2.fna.fbcdn.net/vp/f94ae4989113e5c0c72d6a2fa602443e/5B2EEE76/t51.2885-15/e35/1389577_1129627740404119_296147689_n.jpg
53,https://instagram.fbed1-2.fna.fbcdn.net/vp/14b8760f13899d75aad33d880eb2601e/5B754BBE/t51.2885-15/e35/12716921_467957826726312_2106748165_n.jpg
1,https://instagram.fbed1-2.fna.fbcdn.net/vp/8ea0003614d3b505389d6d4acb0efd29/5B39B277/t51.2885-15/e15/11372397_1453906261570861_817137510_n.jpg
93,https://instagram.fbed1-2.fna.fbcdn.net/vp/add4b89cdc9a70846ca45438b87af828/5B4093EB/t51.2885-15/e35/28436205_1797308916988389_2386420014480621568_n.jpg
1,https://instagram.fbed1-2.fna.fbcdn.net/vp/f9e60ec1102763304d4022c67e6d816d/5B2AA862/t51.2885-15/e15/11192792_1430375657265092_2103003994_n.jpg
34,https://instagram.fbed1-2.fna.fbcdn.net/vp/1d0525b7c14438c51fa607e2ace79566/5B2AC35D/t51.2885-15/e35/14063562_1925212077757645_2624881610981376000_n.jpg
87,https://instagram.fbed1-2.fna.fbcdn.net/vp/0adb803df284a3dfb27f6864ae3b93a3/5B37FDA1/t51.2885-15/e35/26183628_215650642313393_3897974732867239936_n.jpg
0,https://instagram.fbed1-2.fna.fbcdn.net/vp/607db70a6915897f9f66c6d3fb635c0e/5B2FAE0A/t51.2885-15/e35/21909646_175104769730140_8062555355860697088_n.jpg
102,https://instagram.fbed1-2.fna.fbcdn.net/vp/920c0f621de0194826367fddac683dfd/5B3DCF10/t51.2885-15/e35/24332392_454589194936032_5094531400099430400_n.jpg
71,https://instagram.fbed1-2.fna.fbcdn.net/vp/7663468a3c007e1f386c8907c892c3f9/5B47B690/t51.2885-15/e35/15306047_1677366719260711_4485037349947834368_n.jpg
64,https://instagram.fbed1-2.fna.fbcdn.net/vp/1c20cae7663ac3f8f04060747bf8dfe4/5B4123A8/t51.2885-15/e35/14624690_243787286122354_2644128574910496768_n.jpg
19,https://instagram.fbed1-2.fna.fbcdn.net/vp/16f36fa81c75e997e7b01329479c7e14/5B32253B/t51.2885-15/e35/12224586_520119308137647_100035974_n.jpg
71,https://instagram.fbed1-2.fna.fbcdn.net/vp/fddbc6f0aa6cd1f325aaebff2976c5f6/5B2A6634/t51.2885-15/e35/16230946_207215503084872_5223513631685083136_n.jpg
14,https://instagram.fbed1-2.fna.fbcdn.net/vp/215ddb5bf08ad5b4edb7cf099a382b37/5B3BB022/t51.2885-15/e35/12301242_502211086617303_1110489433_n.jpg
64,https://instagram.fbed1-2.fna.fbcdn.net/vp/b12ec88ca6d13d5c11fb94da13527301/5B36ADB6/t51.2885-15/e35/26864801_197780874149942_1571205715274498048_n.jpg
85,https://instagram.fbed1-2.fna.fbcdn.net/vp/27c48657c69388f551c4f14cfdc553d9/5B351C33/t51.2885-15/e35/19534529_1924361971110841_3844080521164357632_n.jpg
47,https://instagram.fbed1-2.fna.fbcdn.net/vp/cb1a1fa900162fc35ed4dbf42d8d1371/5B49E8EE/t51.2885-15/e15/10932261_344075202470220_2057304416_n.jpg
46,https://instagram.fbed1-2.fna.fbcdn.net/vp/80ec7ad97512999925a033f3d48d39cf/5B745DEA/t51.2885-15/e35/18513096_262627974201264_7136315507807879168_n.jpg
43,https://instagram.fbed1-2.fna.fbcdn.net/vp/450c3c9056b0e17d5a82ad9f1fe8e73f/5B3794C4/t51.2885-15/e35/19052157_257780668036724_627074390676209664_n.jpg
46,https://instagram.fbed1-2.fna.fbcdn.net/vp/455b5519ea051ba3fdfdc851d306ebed/5B2BC484/t51.2885-15/e35/10666116_1671399199805383_1592391530_n.jpg
17,https://instagram.fbed1-2.fna.fbcdn.net/vp/09c6384a15498f1e64abff318c3e1523/5B4F114B/t51.2885-15/e35/12501793_581220255363010_767301322_n.jpg
107,https://instagram.fbed1-2.fna.fbcdn.net/vp/b027cde2d52039c4a09f09b0e2cf6dd3/5B418FDA/t51.2885-15/e35/15275488_1755032048152769_6379335385972998144_n.jpg
51,https://instagram.fbed1-2.fna.fbcdn.net/vp/bf57109c907dc8666786ed551692b827/5B389D6C/t51.2885-15/e35/26869129_581126742280070_6148564147459063808_n.jpg
29,https://instagram.fbed1-2.fna.fbcdn.net/vp/f619ff3743097f423b0c6ee4039ebf54/5B3AC876/t51.2885-15/e15/11084848_1590371257868406_1201074802_n.jpg
19,https://instagram.fbed1-2.fna.fbcdn.net/vp/8cfe6733ae28a7dc828c7eb2fd5aac30/5B4A31FD/t51.2885-15/e35/21149505_1401578233224347_431336418711699456_n.jpg
16,https://instagram.fbed1-2.fna.fbcdn.net/vp/c78d77900e83c25d3c9124b0762debb8/5B2D3CB4/t51.2885-15/e35/17931827_1817127091940236_6035893858066235392_n.jpg
23,https://instagram.fbed1-2.fna.fbcdn.net/vp/ca36f5d85d6a49826cf96b1424825779/5B431B35/t51.2885-15/e15/10597372_633301073442814_1825783290_n.jpg
98,https://instagram.fbed1-2.fna.fbcdn.net/vp/40e2256edcf88bec6bf694e758407a55/5B362B2C/t51.2885-15/e35/20582663_205750499957985_565307117372702720_n.jpg
55,https://instagram.fbed1-2.fna.fbcdn.net/vp/1358e2daf5a354018e8e88bc4effed9f/5B39EFA8/t51.2885-15/e15/10611257_276206035905812_1011939722_n.jpg
70,https://instagram.fbed1-2.fna.fbcdn.net/vp/e8fee22ff136b5b481d89fee946ca2b9/5B4B022B/t51.2885-15/e35/26073353_1886795088290683_5427491287953571840_n.jpg
76,https://instagram.fbed1-2.fna.fbcdn.net/vp/0df6cfd0d490c5416da7da2ee8a2ee22/5B30D165/t51.2885-15/e35/12930728_1045255462208762_951090968_n.jpg
48,https://instagram.fbed1-2.fna.fbcdn.net/vp/73c1bf45661a38e622d04c5599ffa695/5B2EBEA5/t51.2885-15/e35/22280717_120111231992473_2528564495467413504_n.jpg
51,https://instagram.fbed1-2.fna.fbcdn.net/vp/858c60be270a9824421e8cba2b74c4ab/5B4EEC92/t51.2885-15/e35/17662243_179054532611436_4242770455372496896_n.jpg
48,https://instagram.fbed1-2.fna.fbcdn.net/vp/16fcfd0e926f9c009291f9e143f48a1f/5B4F514F/t51.2885-15/e35/28751666_186747848770542_5940443028865941504_n.jpg
37,https://instagram.fbed1-2.fna.fbcdn.net/vp/90519dd8a0502fd16fdd2c37f85f8be2/5B75AB19/t51.2885-15/e35/26156300_160477571256886_1961566449470275584_n.jpg
21,https://instagram.fbed1-2.fna.fbcdn.net/vp/c60b493ed49613baaa3ef90fa7db64e4/5B3CEEE9/t51.2885-15/e35/26868683_184286722322934_4300457501154869248_n.jpg
7,https://instagram.fbed1-2.fna.fbcdn.net/vp/5b7fe595390caab6434c5ad8e868691a/5B3C99A8/t51.2885-15/e15/10748141_392094017607715_563186189_n.jpg
1,https://instagram.fbed1-2.fna.fbcdn.net/vp/3c477679e26b08f931a715318e1933c2/5B432F78/t51.2885-15/e35/15306767_372621879741679_3443196292459659264_n.jpg
22,https://instagram.fbed1-2.fna.fbcdn.net/vp/360edd0f7c3c6036659b8bd2f123f32e/5B35CCA4/t51.2885-15/e35/25017404_519475361741329_3566544377356484608_n.jpg
15,https://instagram.fbed1-2.fna.fbcdn.net/vp/d25772c848c247612f14f93aae6cc7a9/5B297403/t51.2885-15/e35/12677618_226594294345386_433710184_n.jpg
19,https://instagram.fbed1-2.fna.fbcdn.net/vp/dc43af8f6846017ea5da4d704f7b8504/5B470F50/t51.2885-15/e35/13715160_1220006084711306_2030588364_n.jpg
41,https://instagram.fbed1-2.fna.fbcdn.net/vp/664dd086a43bb87fda4bd3fb9ce43eb1/5B499997/t51.2885-15/e35/28764878_144417149717325_8905105339494432768_n.jpg
100,https://instagram.fbed1-2.fna.fbcdn.net/vp/8a4b1177db589d7bfb0682ff5c83a8b2/5B380A43/t51.2885-15/e35/23417319_1736674813032358_8581252916906557440_n.jpg
103,https://instagram.fbed1-2.fna.fbcdn.net/vp/1514235d82ffe1d129377453b44ddeb2/5B45E27E/t51.2885-15/e35/15305867_189009771563430_3907290229169455104_n.jpg
44,https://instagram.fbed1-2.fna.fbcdn.net/vp/476f257a226a743fdc54e831ec776647/5B365BD9/t51.2885-15/e35/26157609_145057212867039_1606909052556673024_n.jpg
99,https://instagram.fbed1-2.fna.fbcdn.net/vp/8d21f9fad0bf4c2adeafbb5d9610b968/5B405A4E/t51.2885-15/e35/26071192_167114634053511_6390746319509520384_n.jpg
96,https://instagram.fbed1-2.fna.fbcdn.net/vp/f2be97260c7bf6786aa46897a72bda18/5AB58967/t51.2885-15/e15/19985984_2009093575979286_4306776879811002368_n.jpg
6,https://instagram.fbed1-2.fna.fbcdn.net/vp/31631c759b7996ca33cb5de11e27c5ba/5AB570AF/t51.2885-15/e15/11098360_841474145924653_21009505_n.jpg
83,https://instagram.fbed1-2.fna.fbcdn.net/vp/9e4530089922fb9d68415223dd4c5821/5B2B89CF/t51.2885-15/e35/12797823_1517185361922107_756738379_n.jpg
55,https://instagram.fbed1-2.fna.fbcdn.net/vp/f125348204edd67b04184deef599e32a/5B4AC886/t51.2885-15/e15/11272497_356743377848198_1024419830_n.jpg
58,https://instagram.fbed1-2.fna.fbcdn.net/vp/61a8e80a6c82b1c81d84737c1c041daf/5B3DF3C3/t51.2885-15/e35/15877251_164837964002418_5203727249928355840_n.jpg
53,https://instagram.fbed1-2.fna.fbcdn.net/vp/16d09e1b2fd7c710c9ec3d1fa7513e0c/5B440DEC/t51.2885-15/e35/13259034_477985472395459_381034653_n.jpg
49,https://instagram.fbed1-2.fna.fbcdn.net/vp/5188fc591fc71fa8a87450665b2eaefb/5B43E447/t51.2885-15/e35/21879665_283384348814689_3624694931714473984_n.jpg
0,https://instagram.fbed1-2.fna.fbcdn.net/vp/258f2762a56090c9b422d04b32a59670/5B3070D2/t51.2885-15/e35/22857868_1463915720388063_6712074701486686208_n.jpg
100,https://instagram.fbed1-2.fna.fbcdn.net/vp/e6eab98399cbba22a0c8acc3d7aa0589/5B38F03F/t51.2885-15/e35/12556142_1498508023790857_787556918_n.jpg
6,https://instagram.fbed1-2.fna.fbcdn.net/vp/2fabff358364215be2141d54a82f8fbd/5AB4A36F/t51.2885-15/e15/1208266_1668614766700089_1056623168_n.jpg
84,https://instagram.fbed1-2.fna.fbcdn.net/vp/6b62d6262d1793bf173a55bf6f2b65cd/5B3441F9/t51.2885-15/e35/20969308_112352709463240_7500892844656164864_n.jpg
39,https://instagram.fbed1-2.fna.fbcdn.net/vp/b5c28cb216eb431bc9db148aa62ccb2c/5B421A13/t51.2885-15/e35/12338774_943655072395516_1297885293_n.jpg
28,https://instagram.fbed1-2.fna.fbcdn.net/vp/d9293d069c65a041467c76f55019f0ed/5B47BA09/t51.2885-15/e35/11352142_415688605283134_65960984_n.jpg
79,https://instagram.fbed1-2.fna.fbcdn.net/vp/2b7c56868c85d2e04576a1d50c765da4/5B49F7E4/t51.2885-15/e15/11351595_115272352140990_1350898472_n.jpg
99,https://instagram.fbed1-2.fna.fbcdn.net/vp/2e8b15c9ac806031b343fd39be3aeb43/5B760E6B/t51.2885-15/e35/26073837_564339750579895_9006104501936979968_n.jpg
60,https://instagram.fbed1-2.fna.fbcdn.net/vp/3251748c4ae4a39f46d41aa6df1c98b8/5B4BD7E1/t51.2885-15/e35/18513463_1922990861281399_7247019943424688128_n.jpg
55,https://instagram.fbed1-2.fna.fbcdn.net/vp/ecae57625be1e37d440db297e52a53a1/5B3E2800/t51.2885-15/e15/10865170_412275998923032_1598784030_n.jpg
26,https://instagram.fbed1-2.fna.fbcdn.net/vp/991c7920a82b7d9d5903093973ecebbc/5B4E8F16/t51.2885-15/e35/11381407_840245679436200_101965765_n.jpg
22,https://instagram.fbed1-2.fna.fbcdn.net/vp/c48e536f8620517f772811f42375e912/5B3317F2/t51.2885-15/e35/19424825_2290421291183735_5841776012190285824_n.jpg
70,https://instagram.fbed1-2.fna.fbcdn.net/vp/f9f4b4ca12cf60657cd95158871346d9/5B39FAA1/t51.2885-15/e35/12142121_1649526191964296_1553170861_n.jpg
42,https://instagram.fbed1-2.fna.fbcdn.net/vp/ba60763c678136df2f1e32d442917f2d/5B3520F1/t51.2885-15/e35/14504771_690941494387444_5301766312320565248_n.jpg
50,https://instagram.fbed1-2.fna.fbcdn.net/vp/17a68820c92619ba63959dac1be94a19/5B2E43A3/t51.2885-15/e35/18879730_929252527215253_4107576936572649472_n.jpg
57,https://instagram.fbed1-2.fna.fbcdn.net/vp/1a56a28db183c41579094de5ff26c343/5B4A4808/t51.2885-15/e15/10957314_1442306616014829_2019071577_n.jpg
54,https://instagram.fbed1-2.fna.fbcdn.net/vp/33898826b2aed16ddd53cd6d58956528/5B2A1C0D/t51.2885-15/e35/12298952_1054998631211426_1566326040_n.jpg
49,https://instagram.fbed1-2.fna.fbcdn.net/vp/57aaff9362ee868135074deee70637f8/5B456E86/t51.2885-15/e35/20766844_110826229589249_6425765348242358272_n.jpg
58,https://instagram.fbed1-2.fna.fbcdn.net/vp/56128e6970d128c081daceb896ef26f7/5B352B05/t51.2885-15/e35/14350730_1656372941344528_124387735_n.jpg
64,https://instagram.fbed1-2.fna.fbcdn.net/vp/b023686fc5601634075bd8324169f9d3/5B45B544/t51.2885-15/e35/17267739_1381849401885481_2129660057707610112_n.jpg
33,https://instagram.fbed1-2.fna.fbcdn.net/vp/601c161367ae60fa177c8148ae4f3482/5B42690B/t51.2885-15/e15/11242665_470709646416963_642920680_n.jpg
50,https://instagram.fbed1-2.fna.fbcdn.net/vp/c01f08c3158f6915c01ab54eb8c530f8/5B30C8F7/t51.2885-15/e35/20180762_745332412306112_4496468950866984960_n.jpg
90,https://instagram.fbed1-2.fna.fbcdn.net/vp/a5abe5d7053f8221669a42764f391e05/5B2C9D60/t51.2885-15/e35/22637462_2053658734867344_4771187802287112192_n.jpg
42,https://instagram.fbed1-2.fna.fbcdn.net/vp/bc9eb249d13308916ae48e78292e7892/5B34E0F4/t51.2885-15/e35/27576324_428447800923341_6439122511849324544_n.jpg
0,https://instagram.fbed1-2.fna.fbcdn.net/vp/6695795520177c6989397cedfe3c18ed/5B2E6084/t51.2885-15/e35/14073082_1279902452040305_1818953425_n.jpg
18,https://instagram.fbed1-2.fna.fbcdn.net/vp/adf5cf939e899e0be49e10ef2c458b89/5B3D9FD1/t51.2885-15/e35/20067386_326129841174339_4194043574658007040_n.jpg
97,https://instagram.fbed1-2.fna.fbcdn.net/vp/6d5c511c4a152e61e2346a767211c487/5B4EF0B1/t51.2885-15/e35/23734279_129372154413976_4502340093851205632_n.jpg
89,https://instagram.fbed1-2.fna.fbcdn.net/vp/ec0d1663e025fa179e11f0a2ab0346c3/5B2EF9BB/t51.2885-15/e35/16123292_1386863638038940_8800401368327127040_n.jpg
47,https://instagram.fbed1-2.fna.fbcdn.net/vp/a0406a2adee0c0ff71c371b9af3da9d0/5B2DB256/t51.2885-15/e35/18645258_147289025813638_4763505385694822400_n.jpg
17,https://instagram.fbed1-2.fna.fbcdn.net/vp/cf44b304b999171502446d48d5e41d87/5B3AFE8D/t51.2885-15/e15/10369262_704444392954318_1860902437_n.jpg
78,https://instagram.fbed1-2.fna.fbcdn.net/vp/65abb1711eb408e9f55b05da2a00bae8/5B2D873E/t51.2885-15/e15/1530874_241641539343564_565342766_n.jpg
31,https://instagram.fbed1-2.fna.fbcdn.net/vp/051e1e2b5079f04e6f757108bb181684/5B377098/t51.2885-15/e35/18095046_2272585589633237_8723448035557769216_n.jpg
66,https://instagram.fbed1-2.fna.fbcdn.net/vp/ab1bc8dd7bd0d14fd839e1dee8869241/5B2EB547/t51.2885-15/e35/18949545_154311668444699_213703601120346112_n.jpg
5,https://instagram.fbed1-2.fna.fbcdn.net/vp/45eef9b6dbb35ef29a143bffc8db1b4d/5B369CB2/t51.2885-15/e35/13259050_166844707050580_59131920_n.jpg
93,https://instagram.fbed1-2.fna.fbcdn.net/vp/3ac02bacf671fa99c3a0736617e0e51d/5B2F833C/t51.2885-15/e35/18160428_1350407171663804_7956655463934722048_n.jpg
74,https://instagram.fbed1-2.fna.fbcdn.net/vp/6fa56044decd91b5e0ad7c6349e6aa81/5B2AB4EA/t51.2885-15/e35/27878392_216048285623168_2472134389044084736_n.jpg
34,https://instagram.fbed1-2.fna.fbcdn.net/vp/0fa29be02e02ccf65af02c70993b3aef/5B363497/t51.2885-15/e35/23824442_761985280653108_1535631269960876032_n.jpg
42,https://instagram.fbed1-2.fna.fbcdn.net/vp/5e0090c2024919379379cdaeb306904c/5B3CF8B5/t51.2885-15/e35/13671821_286047605096753_357353894_n.jpg
96,https://instagram.fbed1-2.fna.fbcdn.net/vp/2d8f6483de7732be110be455618ea03b/5B2FA692/t51.2885-15/e35/17663634_595416530667824_2330946375799275520_n.jpg
29,https://instagram.fbed1-2.fna.fbcdn.net/vp/3292a3a1afc8b6919437f014e2858f84/5B3F1456/t51.2885-15/e35/19424913_484956621837005_6893771789705412608_n.jpg
19,https://instagram.fbed1-2.fna.fbcdn.net/vp/3082d6f08daadeb2c8547fbfe61a3f8a/5B75AA52/t51.2885-15/e35/22430492_179480462626810_880126824305131520_n.jpg
49,https://instagram.fbed1-2.fna.fbcdn.net/vp/8a1903e7c6f3dc4ed17b82e4459f23ad/5B47A238/t51.2885-15/e35/13413416_304592666544661_392038771_n.jpg
70,https://instagram.fbed1-2.fna.fbcdn.net/vp/9d480f856b9647b41595bf35412135c4/5B47CCD6/t51.2885-15/e15/11142717_467218990096723_337348224_n.jpg
15,https://instagram.fbed1-2.fna.fbcdn.net/vp/38a1541b635de1de58ae46819131573f/5B40DB0B/t51.2885-15/e35/18879414_1767238830253494_2770006103486889984_n.jpg
5,https://instagram.fbed1-2.fna.fbcdn.net/vp/0026ae5ea748be3ef4f8b7f0c0108abf/5B2C03B6/t51.2885-15/e15/11380805_923101607757171_807932518_n.jpg
67,https://instagram.fbed1-2.fna.fbcdn.net/vp/8a675a9c7dfe29ba655b10d427f50fe2/5B2EC20D/t51.2885-15/e35/20478466_184883332051538_6549015379035815936_n.jpg
78,https://instagram.fbed1-2.fna.fbcdn.net/vp/88d47a02e568b278810d00ef66e91a57/5AB49BC1/t51.2885-15/e15/14309690_233200017081977_2054235575_n.jpg
93,https://instagram.fbed1-2.fna.fbcdn.net/vp/9edf2898c6ed02f9c96f181c82c32734/5B2DF8CB/t51.2885-15/e35/22637145_139295853365701_6901788105645228032_n.jpg
57,https://instagram.fbed1-2.fna.fbcdn.net/vp/f64e16792eba02cae58899f801b02e08/5AB478A9/t51.2885-15/e15/1516789_1628516807428592_416760026_n.jpg
10,https://instagram.fbed1-2.fna.fbcdn.net/vp/8a6a064d5c2af135e5530740b8c52b76/5B43DC47/t51.2885-15/e35/25024373_169196407017426_4025278766111522816_n.jpg
87,https://instagram.fbed1-2.fna.fbcdn.net/vp/40494c98a6e2612ff58b66d8051be3a0/5B4355AF/t51.2885-15/e35/18011815_212614912573266_2688372205552664576_n.jpg
88,https://instagram.fbed1-2.fna.fbcdn.net/vp/dea6105ad75043decdda6b6c04b633f3/5B41CF5F/t51.2885-15/e35/23823554_139228103513527_440511194705428480_n.jpg
69,https://instagram.fbed1-2.fna.fbcdn.net/vp/80de65f448b652c0453349c4ec96f940/5B3FCD0C/t51.2885-15/e35/26870815_2012373262343032_590483876359438336_n.jpg
66,https://instagram.fbed1-2.fna.fbcdn.net/vp/38b488d90ae443820f8496e5a85648be/5B323F36/t51.2885-15/e35/14718524_1281818795172101_5769437626075447296_n.jpg
13,https://instagram.fbed1-2.fna.fbcdn.net/vp/f0e809f90c044bfaa87e50b1ae3b9b2b/5B4584D5/t51.2885-15/e15/11374490_389007061294293_1559890736_n.jpg
19,https://instagram.fbed1-2.fna.fbcdn.net/vp/7b790bf188e53ddfcc4fa3d2987a99e8/5B353AEE/t51.2885-15/e35/26295854_568497026818549_1505345943728291840_n.jpg
73,https://instagram.fbed1-2.fna.fbcdn.net/vp/c40852e4f6db1d51121cf0f17aa55b9e/5B2B9A90/t51.2885-15/e35/13561934_252630618443289_2122943259_n.jpg
37,https://instagram.fbed1-2.fna.fbcdn.net/vp/b3e2bf09402b2c323c0b717ce45a2d23/5B4F9DEE/t51.2885-15/e35/21296623_112633562766085_2338635917742309376_n.jpg
26,https://instagram.fbed1-2.fna.fbcdn.net/vp/97953fd2903012ab6a09de5767fe170f/5B4904A8/t51.2885-15/e35/15101763_582929288564534_1305035137263599616_n.jpg
21,https://instagram.fbed1-2.fna.fbcdn.net/vp/df8873d02773a6300a8b91d8ed434a7a/5B3E10A2/t51.2885-15/e35/16464769_382804828766775_3535209047584145408_n.jpg
82,https://instagram.fbed1-2.fna.fbcdn.net/vp/8593764a80a226d0feeca399c7fb8d4a/5B30609B/t51.2885-15/e35/28752769_432955127141083_3932045763533602816_n.jpg
27,https://instagram.fbed1-2.fna.fbcdn.net/vp/f11c3ba15653bbe039d434293c8c7559/5B40CD34/t51.2885-15/e35/19761823_325962047844520_9014259901802741760_n.jpg
83,https://instagram.fbed1-2.fna.fbcdn.net/vp/31d7d4a5c8df079dfa13da49b1219685/5B38E5C0/t51.2885-15/e35/12328483_591662567650956_266025539_n.jpg
68,https://instagram.fbed1-2.fna.fbcdn.net/vp/cca947ae1352af7ddddfc7c5431e6f16/5B4C3F9F/t51.2885-15/s1080x1080/e35/17266261_721815774647805_2872813691974189056_n.jpg
100,https://instagram.fbed1-2.fna.fbcdn.net/vp/a5790bdc038962e8f914026cef08e2ca/5B2FDDF9/t51.2885-15/e35/16583524_227511090990773_6341934127859630080_n.jpg
64,https://instagram.fbed1-2.fna.fbcdn.net/vp/94e403a394632c1db76219b16e8af1e6/5B2CD7FE/t51.2885-15/e35/14368957_294095717652959_3025600900057006080_n.jpg
